{"cameraMode":{"drawMode":0,"name":"Shaded","section":"Shading Mode"},"sceneLighting":true,"audioPlay":false,"sceneViewState":{"m_AlwaysRefresh":false,"showFog":true,"showSkybox":true,"showFlares":true,"showImageEffects":true,"showParticleSystems":true,"showVisualEffectGraphs":true,"m_FxEnabled":true},"in2DMode":false,"pivot":{"x":-1.0843985080718995,"y":2.4135875701904299,"z":12.30111312866211},"rotation":{"x":0.029698282480239869,"y":-0.00048275894368998706,"z":-0.00032477048807777464,"w":-0.9997419118881226},"size":7.9435906410217289,"orthographic":false}