{"cameraMode":{"drawMode":0,"name":"Shaded","section":"Shading Mode"},"sceneLighting":true,"audioPlay":true,"sceneViewState":{"m_AlwaysRefresh":false,"showFog":true,"showSkybox":true,"showFlares":true,"showImageEffects":true,"showParticleSystems":true,"showVisualEffectGraphs":true,"m_FxEnabled":true},"in2DMode":false,"pivot":{"x":-0.22897768020629884,"y":0.21047908067703248,"z":0.30587440729141238},"rotation":{"x":-0.12176202982664108,"y":0.7092058062553406,"z":-0.12685489654541017,"w":-0.6831076741218567},"size":1.1180343627929688,"orthographic":false}